<?xml version="1.0" encoding="utf-8"?>
<extension type="component" version="3.3" method="upgrade">

	<name>Tracking</name>
	<creationDate>Dec 2014</creationDate>
	<author>Cadmin, Yanxin</author>
	<authorEmail>900930@gmail.com</authorEmail>
	<authorUrl>http://www.google.com</authorUrl>
	<copyright>Copyleft if you can</copyright>
	<license>License free</license>
	<version>1.4</version>
	<description>Track waybills</description>

	<files folder="site">
		<filename>index.html</filename>
		<filename>tracking.php</filename>
		<filename>controller.php</filename>
		<folder>views</folder>
		<folder>models</folder>
	</files>
	<media folder="media" destination="com_tracking">
		<folder>js</folder>
		<folder>css</folder>
		<filename>index.html</filename>
	</media>
	<languages folder="site">
		<language tag="en-GB">language/en-GB.com_tracking.ini</language>
		<language tag="zh-CN">language/zh-CN.com_tracking.ini</language>
		<language tag="en-GB">language/en-GB.com_tracking.sys.ini</language>
		<language tag="zh-CN">language/zh-CN.com_tracking.sys.ini</language>
	</languages>

	<administration>
		<menu>Tracking</menu>
		<files folder="admin">
			<filename>index.html</filename>
			<filename>tracking.php</filename>
			<folder>sql</folder>
			<folder>language</folder>
		</files>
		<languages folder="admin">
			<language tag="en-GB">language/en-GB.com_tracking.ini</language>
			<language tag="zh-CN">language/zh-CN.com_tracking.ini</language>
			<language tag="en-GB">language/en-GB.com_tracking.sys.ini</language>
			<language tag="zh-CN">language/zh-CN.com_tracking.sys.ini</language>
		</languages>
	</administration>

	<!-- <update> <schemas> <schemapath type="mysql">sql/updates/mysql/</schemapath> 
		</schemas> </update> -->

</extension>
