<?xml version="1.0" encoding="utf-8"?>
<extension version="2.5" type="plugin" group="content" method="upgrade">

	<name>Content - JA Disqus Debate Echo</name>
	<author>JoomlArt.com</author>
	<creationDate>22 May 2014</creationDate>
	<copyright>J.O.O.M Solutions Co., Ltd.</copyright>
	<license>GNU/GPL V3	</license>
	<authorEmail>webmaster@joomlart.com</authorEmail>
	<authorUrl>www.joomlart.com</authorUrl>
	<version>2.6.2</version>

	<updateservers>
		<server type="collection">http://update.joomlart.com/service/tracking/list.xml</server>
	</updateservers>

	<description>
	<![CDATA[
	<div style="font-weight: normal;text-align:left;">
	<span style="color: #008000;"><strong>JA Disqus Debate Echo Plugin for Joomla 2.5 and Joomla 3.3</strong></span><br /><p><img alt="JA Disqus Debate Echo Plugin" src="http://joomlart.s3.amazonaws.com/images/mis/logo-JA-Disqus-Debate-Echo-Plugin.jpg" /></p><p>JA Disqus Debate Echo plugin allows you to integrate popular external commenting systems into your Joomla! articles.</p>
	<p><span style="color: #ff6600;"><strong>Features:</strong></span></p>
	<ul>
		<li>Allows integration of <a target="_blank" href="http://www.intensedebate.com/">IntenseDebate</a>, <a target="_blank" href="http://www.disqus.com/">Disqus</a>. </li>
		<li>Easy to use. Install, configure and multiple options.</li>
		<li>Option to enable it for all, enable for limited categories or individual articles OR disable for individual articles too.</li>
	</ul>
	<strong><span style="color: #ff0000;">Links:</span><br /></strong> 
	<ul>
		<li><a target="_blank" href="http://www.joomlart.com/forums/showthread.php?51776">General Userguide</a></li>
		 <li><a target='_blank' href='http://update.joomlart.com/'>Updates &amp; Versions</a></li>
	</ul>
	<p>Copyright 2004 - 2014 <a href='http://www.joomlart.com/' title='Visit Joomlart.com!'>JoomlArt.com</a>.</p>
	</div>
	]]>
	</description>

	<files>
		<filename plugin="jadisqus_debate_echo">jadisqus_debate_echo.php</filename>
		<filename>index.html</filename>
		<folder>asset</folder>
		<folder>tmpl</folder>
	</files>

	<languages>
		<language tag="en-GB">en-GB.plg_content_jadisqus_debate_echo.ini</language>
	</languages>

	<config>
		<fields name="params">
			<fieldset name="basic"
				addfieldpath="/plugins/content/jadisqus_debate_echo/asset/elements">
				<field type="japanel" path="plugins/content/jadisqus_debate_echo/asset/elements/" />
				<field 
					name="group" 
					type="japanel" 
					function="depend" 
					hidden="true"
					level="3">
					<option for="source" value="both" hideRow="true">mode-automatic-catsid,mode-automatic-k2catsid
					</option>
					<option for="source" value="com_k2" hideRow="true">mode-automatic-k2catsid
					</option>
					<option for="source" value="com_content" hideRow="true">mode-automatic-catsid
					</option>
					<option for="mode" value="automatic" hideRow="true">position</option>
					
					<option for="provider" hideRow="true" value="intensdebate">provider-intensdebate-account
					</option>
					<option for="provider" hideRow="true" value="disqus">provider-disqus-subdomain,provider-disqus-devmode,provider-disqus-identifier,pvovider-disqus-language
					</option>
					<!--<option for="provider" hideRow="true" value="jskit">provider-jskit-domain</option>-->
				</field>
				<field 
					name="mode" 
					type="list" 
					class="mselect"
					default="automatic" 
					label="MODE"
					description="MODE_DESC">
					<option value="automatic">Automatic (Recommended)</option>
					<option value="manual">Manual</option>
					<option value="disable">Disabled</option>
				</field>
				<field 
					name="position" 
					type="list" 
					default="onContentBeforeDisplay" 
					label="POSTION_DISPLAY"
					description="POSTION_DISPLAY_DESC">		
						<option value="onAfterDisplay">After Content</option>				
						<option value="onContentAfterDisplay">After Display Content</option>                
										
				</field>
				
				<field type="spacer" hr="false" label="CONTENT_SETTINGS" />
				<field name="source" 
					type="list" 
					default="both"
					label="ENABLE_THE_PLUGIN_FOR" 
					description="ENABLE_THE_PLUGIN_FOR_DESC">
					<option value="both">Both</option>
					<option value="com_k2">K2</option>
					<option value="com_content">Joomla Content</option>
				</field>
				<field name="mode-automatic-catsid" 
					type="category" 
					extension="com_content"
					multiple="true" 
					class="mselect"
					size="5" 
					label="SELECT_CATEGORIES" 
					description="SELECT_CATEGORIES_DESC">
					<option value="">JOPTION_ALL_CATEGORIES</option>
				</field>
				<field name="mode-automatic-k2catsid" 
					type="k2category"
					published="1"
					default="" 
					multiple="true" 
					class="mselect"
					label="SELECT_K2_CATEGORIES"
					description="SELECT_K2_CATEGORIES_DESC" />
					
				<field type="spacer" hr="false" label="ACCOUNT_SETTINGS" />
				<field name="provider" type="list" default="intensdebate"
					label="COMMENT_PROVIDER" description="COMMENT_PROVIDER_DESC">
					<option value="intensdebate">IntenseDebate</option>
					<option value="disqus">Disqus</option>
				</field>

				<field name="provider-intensdebate-account" 
					type="text" 
					size="35"
					default="" 
					label="INTENSEDEBATE_ACCOUNT" 
					description="INTENSEDEBATE_ACCOUNT_DESC" />

				<field name="provider-disqus-subdomain" 
					type="text" 
					size="35"
					default="" 
					label="DISQUS_SUBDOMAIN" 
					description="DISQUS_SUBDOMAIN_DESC" />

				<field name="provider-disqus-devmode" 
					type="radio" 
					class="btn-group"
					default="0"
					label="DISQUS_DEVELOPER_MODE" 
					description="DISQUS_DEVELOPER_MODE_DESC">
					<option value="0">JNO</option>
					<option value="1">JYES</option>
				</field>
				<field name="pvovider-disqus-language" type="list" default="" label="DISQUS_LANGUAGE" description="">
					<option value="">DISQUS_SELECT_LANGUAGE</option>
					<option value="ab">Abkhazian</option>
					<option value="aa">Afar</option>
					<option value="af">Afrikaans</option>
					<option value="ak">Akan</option>
					<option value="sq">Albanian</option>
					<option value="am">Amharic</option>
					<option value="ar">Arabic</option>
					<option value="an">Aragonese</option>
					<option value="hy">Armenian</option>
					<option value="as">Assamese</option>
					<option value="av">Avaric</option>
					<option value="ae">Avestan</option>
					<option value="ay">Aymara</option>
					<option value="az">Azerbaijani</option>
					<option value="bm">Bambara</option>
					<option value="ba">Bashkir</option>
					<option value="eu">Basque</option>
					<option value="be">Belarusian</option>
					<option value="bn">Bengali</option>
					<option value="bh">Bihari languages</option>
					<option value="bi">Bislama</option>
					<option value="nb">Bokmål, Norwegian; Norwegian Bokmål</option>
					<option value="bs">Bosnian</option>
					<option value="br">Breton</option>
					<option value="bg">Bulgarian</option>
					<option value="my">Burmese</option>
					<option value="my">Burmese</option>
					<option value="ca">Catalan; Valencian</option>
					<option value="km">Central Khmer</option>
					<option value="ch">Chamorro</option>
					<option value="ce">Chechen</option>
					<option value="ny">Chichewa; Chewa; Nyanja</option>
					<option value="zh">Chinese</option>
					<option value="zh_HANT">Chinese (Traditional)</option>
					<option value="cv">Chuvash</option>
					<option value="kw">Cornish</option>
					<option value="co">Corsican</option>
					<option value="cr">Cree</option>
					<option value="hr">Croatian</option>
					<option value="cs">Czech</option>
					<option value="da">Danish</option>
					<option value="dv">Divehi; Dhivehi; Maldivian</option>
					<option value="nl">Dutch; Flemish</option>
					<option value="dz">Dzongkha</option>
					<option value="en">English</option>
					<option value="eo">Esperanto</option>
					<option value="et">Estonian</option>
					<option value="ee">Ewe</option>
					<option value="fo">Faroese</option>
					<option value="fj">Fijian</option>
					<option value="fi">Finnish</option>
					<option value="fr">French</option>
					<option value="ff">Fulah</option>
					<option value="gd">Gaelic; Scottish Gaelic</option>
					<option value="gl">Galician</option>
					<option value="lg">Ganda</option>
					<option value="ka">Georgian</option>
					<option value="de">German</option>
					<option value="de_formal">German (Formal)</option>
					<option value="de_inf">German (Informal)</option>
					<option value="el">Greek</option>
					<option value="gn">Guarani</option>
					<option value="gu">Gujarati</option>
					<option value="ht">Haitian; Haitian Creole</option>
					<option value="ha">Hausa</option>
					<option value="he">Hebrew</option>
					<option value="hz">Herero</option>
					<option value="hi">Hindi</option>
					<option value="ho">Hiri Motu</option>
					<option value="hu">Hungarian</option>
					<option value="is">Icelandic</option>
					<option value="io">Ido</option>
					<option value="ig">Igbo</option>
					<option value="id">Indonesian</option>
					<option value="ie">Interlingue; Occidental</option>
					<option value="iu">Inuktitut</option>
					<option value="ik">Inupiaq</option>
					<option value="ga">Irish</option>
					<option value="it">Italian</option>
					<option value="jv">Javanese</option>
					<option value="kl">Kalaallisut; Greenlandic</option>
					<option value="kn">Kannada</option>
					<option value="kr">Kanuri</option>
					<option value="ks">Kashmiri</option>
					<option value="kk">Kazakh</option>
					<option value="ki">Kikuyu; Gikuyu</option>
					<option value="rw">Kinyarwanda</option>
					<option value="ky">Kirghiz; Kyrgyz</option>
					<option value="kv">Komi</option>
					<option value="kg">Kongo</option>
					<option value="ko">Korean</option>
					<option value="kj">Kuanyama; Kwanyama</option>
					<option value="ku">Kurdish</option>
					<option value="lo">Lao</option>
					<option value="la">Latin</option>
					<option value="lv">Latvian</option>
					<option value="li">Limburgan; Limburger; Limburgish</option>
					<option value="ln">Lingala</option>
					<option value="lt">Lithuanian</option>
					<option value="lu">Luba-Katanga</option>
					<option value="lb">Luxembourgish; Letzeburgesch</option>
					<option value="mk">Macedonian</option>
					<option value="mg">Malagasy</option>
					<option value="ms">Malay</option>
					<option value="ml">Malayalam</option>
					<option value="mt">Maltese</option>
					<option value="gv">Manx</option>
					<option value="mi">Maori</option>
					<option value="mr">Marathi</option>
					<option value="mh">Marshallese</option>
					<option value="mn">Mongolian</option>
					<option value="na">Nauru</option>
					<option value="nv">Navajo; Navaho</option>
					<option value="nd">Ndebele, North; North Ndebele</option>
					<option value="nr">Ndebele, South; South Ndebele</option>
					<option value="ng">Ndonga</option>
					<option value="ne">Nepali</option>
					<option value="se">Northern Sami</option>
					<option value="no">Norwegian</option>
					<option value="nn">Norwegian Nynorsk; Nynorsk, Norwegian</option>
					<option value="oc">Occitan (post 1500)</option>
					<option value="oj">Ojibwa</option>
					<option value="or">Oriya</option>
					<option value="om">Oromo</option>
					<option value="os">Ossetian; Ossetic</option>
					<option value="pi">Pali</option>
					<option value="pa">Panjabi; Punjabi</option>
					<option value="fa">Persian</option>
					<option value="pl">Polish</option>
					<option value="pt">Portuguese</option>
					<option value="pt_BR">Portuguese (Brazil)</option>
					<option value="pt_EU">Portuguese (European)</option>
					<option value="ps">Pushto; Pashto</option>
					<option value="qu">Quechua</option>
					<option value="ro">Romanian; Moldavian; Moldovan</option>
					<option value="rm">Romansh</option>
					<option value="rn">Rundi</option>
					<option value="ru">Russian</option>
					<option value="sm">Samoan</option>
					<option value="sg">Sango</option>
					<option value="sa">Sanskrit</option>
					<option value="sc">Sardinian</option>
					<option value="sr">Serbian</option>
					<option value="sr_CYRL">Serbian (Cyrillic)</option>
					<option value="sr_LATIN">Serbian (Latin)</option>
					<option value="sn">Shona</option>
					<option value="ii">Sichuan Yi; Nuosu</option>
					<option value="sd">Sindhi</option>
					<option value="si">Sinhala; Sinhalese</option>
					<option value="sk">Slovak</option>
					<option value="sl">Slovenian</option>
					<option value="so">Somali</option>
					<option value="st">Sotho, Southern</option>
					<option value="es">Spanish; Castilian</option>
					<option value="es_AR">Spanish (Argentina)</option>
					<option value="es_ES">Spanish (Spain)</option>
					<option value="es_MX">Spanish (Mexico)</option>
					<option value="su">Sundanese</option>
					<option value="sw">Swahili</option>
					<option value="ss">Swati</option>
					<option value="sv_SE">Swedish</option>
					<option value="tl">Tagalog</option>
					<option value="ty">Tahitian</option>
					<option value="tg">Tajik</option>
					<option value="ta">Tamil</option>
					<option value="tt">Tatar</option>
					<option value="te">Telugu</option>
					<option value="th">Thai</option>
					<option value="bo">Tibetan</option>
					<option value="ti">Tigrinya</option>
					<option value="to">Tonga (Tonga Islands)</option>
					<option value="ts">Tsonga</option>
					<option value="tn">Tswana</option>
					<option value="tr">Turkish</option>
					<option value="tk">Turkmen</option>
					<option value="tw">Twi</option>
					<option value="ug">Uighur; Uyghur</option>
					<option value="uk">Ukrainian</option>
					<option value="ur">Urdu</option>
					<option value="uz">Uzbek</option>
					<option value="ve">Venda</option>
					<option value="vi">Vietnamese</option>
					<option value="vo">Volapük</option>
					<option value="wa">Walloon</option>
					<option value="cy">Welsh</option>
					<option value="fy">Western Frisian</option>
					<option value="wo">Wolof</option>
					<option value="xh">Xhosa</option>
					<option value="yi">Yiddish</option>
					<option value="yo">Yoruba</option>
					<option value="za">Zhuang; Chuang</option>
					<option value="zu">Zulu</option>
				</field>
				<!--<field name="provider-jskit-domain" type="text" size="30"
					default="" label="JS_KIT_DOMAIN" description="JS_KIT_DOMAIN_DESC" />-->
				
				<field type="spacer" hr="false" label="COMMENT_COUNT_LISTING_SETTINGS" />

				<field name="display_on_home" 
					type="radio" 
					class="btn-group"
					default="1"
					label="DISPLAY_ON_FEATURED" 
					description="DISPLAY_ON_FEATURED_DESC">
					<option value="0">JNO</option>
					<option value="1">JYES</option>
				</field>
				<field name="display_on_list" 
					type="radio" 
					class="btn-group"
					default="1"
					label="DISPLAY_ON_LIST_PAGES" 
					description="DISPLAY_ON_LIST_PAGES_DESC">
					<option value="0">JNO</option>
					<option value="1">JYES</option>
				</field>

				<field 
					name="postion_display_listing" 
					type="list" 
					default="onContentBeforeDisplay" 
					label="POSTION_DISPLAY_LISTING"
					description="POSTION_DISPLAY_LISTING_DESC">		
						<option value="onContentBeforeDisplay">Before Display Content</option>				
						<option value="onContentAfterDisplay">After Display Content</option>
						<option value="onContentAfterTitle">After Title</option>				
				</field>
				
				<field type="spacer" hr="false" label="COMMENT_COUNT_DETAILS_SETTINGS" />
				<field 
					name="display_on_details" 
					type="radio" 
					class="btn-group"
					default="0"
					label="DISPLAY_ON_DETAILS"
					description="DISPLAY_ON_DETAILS_DESC">
					<option value="0">JNO</option>
					<option value="1">JYES</option>
				</field>
				<field 
					name="postion_display_details" 
					type="list" 
					default="onContentBeforeDisplay" 
					label="POSTION_DISPLAY_DETAILS"
					description="POSTION_DISPLAY_DETAILS_DESC">						
						<option value="onContentBeforeDisplay">Before Display Content</option>				
						<option value="onContentAfterDisplay">After Display Content</option>
						<option value="onContentAfterTitle">After Title</option>                        
						<!--<option value="BeforeContent">Before Content</option>
						<option value="AfterContent">After Content</option>-->	
				</field>	
			</fieldset>
		</fields>
	</config>
</extension>